Comunidades y ciudades autónomas;Nacionalidad;Periodo;Total
01 andalucia;Española;1 de enero de 2025;7775800
01 andalucia;Española;1 de enero de 2024;7779071
01 andalucia;Española;1 de enero de 2023;7770423
01 andalucia;Española;1 de enero de 2022;7770450
01 andalucia;Española;1 de enero de 2021;7771404
01 andalucia;Española;1 de enero de 2020;7773538
01 andalucia;Española;1 de enero de 2019;7769724
01 andalucia;Española;1 de enero de 2018;7771631
01 andalucia;Española;1 de enero de 2017;7778829
01 andalucia;Española;1 de enero de 2016;7770779
01 andalucia;Española;1 de enero de 2015;7767561
01 andalucia;País de la UE28 sin España;1 de enero de 2025;
01 andalucia;País de la UE28 sin España;1 de enero de 2024;
01 andalucia;País de la UE28 sin España;1 de enero de 2023;
01 andalucia;País de la UE28 sin España;1 de enero de 2022;
01 andalucia;País de la UE28 sin España;1 de enero de 2021;
01 andalucia;País de la UE28 sin España;1 de enero de 2020;290215
01 andalucia;País de la UE28 sin España;1 de enero de 2019;284394
01 andalucia;País de la UE28 sin España;1 de enero de 2018;290584
01 andalucia;País de la UE28 sin España;1 de enero de 2017;298464
01 andalucia;País de la UE28 sin España;1 de enero de 2016;306044
01 andalucia;País de la UE28 sin España;1 de enero de 2015;310465
01 andalucia;De Africa;1 de enero de 2025;238862
01 andalucia;De Africa;1 de enero de 2024;223183
01 andalucia;De Africa;1 de enero de 2023;220341
01 andalucia;De Africa;1 de enero de 2022;208051
01 andalucia;De Africa;1 de enero de 2021;198191
01 andalucia;De Africa;1 de enero de 2020;189713
01 andalucia;De Africa;1 de enero de 2019;174883
01 andalucia;De Africa;1 de enero de 2018;164385
01 andalucia;De Africa;1 de enero de 2017;157483
01 andalucia;De Africa;1 de enero de 2016;156334
01 andalucia;De Africa;1 de enero de 2015;152031
01 andalucia;De Centro América y Caribe;1 de enero de 2025;42705
01 andalucia;De Centro América y Caribe;1 de enero de 2024;39647
01 andalucia;De Centro América y Caribe;1 de enero de 2023;3603
01 andalucia;De Centro América y Caribe;1 de enero de 2022;30167
01 andalucia;De Centro América y Caribe;1 de enero de 2021;28703
01 andalucia;De Centro América y Caribe;1 de enero de 2020;24814
01 andalucia;De Centro América y Caribe;1 de enero de 2019;18715
01 andalucia;De Centro América y Caribe;1 de enero de 2018;15571
01 andalucia;De Centro América y Caribe;1 de enero de 2017;13366
01 andalucia;De Centro América y Caribe;1 de enero de 2016;12896
01 andalucia;De Centro América y Caribe;1 de enero de 2015;12357
01 andalucia;De Sudamérica;1 de enero de 2025;185664
01 andalucia;De Sudamérica;1 de enero de 2024;160348
01 andalucia;De Sudamérica;1 de enero de 2023;133454
01 andalucia;De Sudamérica;1 de enero de 2022;102606
01 andalucia;De Sudamérica;1 de enero de 2021;97891
01 andalucia;De Sudamérica;1 de enero de 2020;90922
01 andalucia;De Sudamérica;1 de enero de 2019;77909
01 andalucia;De Sudamérica;1 de enero de 2018;71082
01 andalucia;De Sudamérica;1 de enero de 2017;66594
01 andalucia;De Sudamérica;1 de enero de 2016;69349
01 andalucia;De Sudamérica;1 de enero de 2015;7376
02 aragon;Española;1 de enero de 2025;1162191
02 aragon;Española;1 de enero de 2024;1160156
02 aragon;Española;1 de enero de 2023;1160245
02 aragon;Española;1 de enero de 2022;1162362
02 aragon;Española;1 de enero de 2021;1164547
02 aragon;Española;1 de enero de 2020;1168200
02 aragon;Española;1 de enero de 2019;1170522
02 aragon;Española;1 de enero de 2018;1172327
02 aragon;Española;1 de enero de 2017;1176389
02 aragon;Española;1 de enero de 2016;1176902
02 aragon;Española;1 de enero de 2015;1179662
02 aragon;País de la UE28 sin España;1 de enero de 2025;
02 aragon;País de la UE28 sin España;1 de enero de 2024;
02 aragon;País de la UE28 sin España;1 de enero de 2023;
02 aragon;País de la UE28 sin España;1 de enero de 2022;
02 aragon;País de la UE28 sin España;1 de enero de 2021;
02 aragon;País de la UE28 sin España;1 de enero de 2020;67617
02 aragon;País de la UE28 sin España;1 de enero de 2019;6824
02 aragon;País de la UE28 sin España;1 de enero de 2018;68659
02 aragon;País de la UE28 sin España;1 de enero de 2017;68614
02 aragon;País de la UE28 sin España;1 de enero de 2016;69741
02 aragon;País de la UE28 sin España;1 de enero de 2015;72345
02 aragon;De Africa;1 de enero de 2025;5356
02 aragon;De Africa;1 de enero de 2024;48429
02 aragon;De Africa;1 de enero de 2023;45431
02 aragon;De Africa;1 de enero de 2022;43662
02 aragon;De Africa;1 de enero de 2021;43194
02 aragon;De Africa;1 de enero de 2020;40845
02 aragon;De Africa;1 de enero de 2019;36993
02 aragon;De Africa;1 de enero de 2018;34398
02 aragon;De Africa;1 de enero de 2017;33717
02 aragon;De Africa;1 de enero de 2016;34758
02 aragon;De Africa;1 de enero de 2015;36037
02 aragon;De Centro América y Caribe;1 de enero de 2025;21182
02 aragon;De Centro América y Caribe;1 de enero de 2024;21202
02 aragon;De Centro América y Caribe;1 de enero de 2023;19932
02 aragon;De Centro América y Caribe;1 de enero de 2022;17313
02 aragon;De Centro América y Caribe;1 de enero de 2021;18051
02 aragon;De Centro América y Caribe;1 de enero de 2020;17089
02 aragon;De Centro América y Caribe;1 de enero de 2019;13323
02 aragon;De Centro América y Caribe;1 de enero de 2018;10228
02 aragon;De Centro América y Caribe;1 de enero de 2017;9318
02 aragon;De Centro América y Caribe;1 de enero de 2016;9225
02 aragon;De Centro América y Caribe;1 de enero de 2015;9063
02 aragon;De Sudamérica;1 de enero de 2025;43371
02 aragon;De Sudamérica;1 de enero de 2024;36904
02 aragon;De Sudamérica;1 de enero de 2023;30236
02 aragon;De Sudamérica;1 de enero de 2022;23052
02 aragon;De Sudamérica;1 de enero de 2021;2285
02 aragon;De Sudamérica;1 de enero de 2020;21158
02 aragon;De Sudamérica;1 de enero de 2019;17366
02 aragon;De Sudamérica;1 de enero de 2018;1481
02 aragon;De Sudamérica;1 de enero de 2017;14499
02 aragon;De Sudamérica;1 de enero de 2016;14776
02 aragon;De Sudamérica;1 de enero de 2015;15906
03 asturias;Española;1 de enero de 2025;946139
03 asturias;Española;1 de enero de 2024;949269
03 asturias;Española;1 de enero de 2023;952488
03 asturias;Española;1 de enero de 2022;959281
03 asturias;Española;1 de enero de 2021;966808
03 asturias;Española;1 de enero de 2020;974716
03 asturias;Española;1 de enero de 2019;981822
03 asturias;Española;1 de enero de 2018;988477
03 asturias;Española;1 de enero de 2017;995694
03 asturias;Española;1 de enero de 2016;1001831
03 asturias;Española;1 de enero de 2015;1010186
03 asturias;País de la UE28 sin España;1 de enero de 2025;
03 asturias;País de la UE28 sin España;1 de enero de 2024;
03 asturias;País de la UE28 sin España;1 de enero de 2023;
03 asturias;País de la UE28 sin España;1 de enero de 2022;
03 asturias;País de la UE28 sin España;1 de enero de 2021;
03 asturias;País de la UE28 sin España;1 de enero de 2020;1501
03 asturias;País de la UE28 sin España;1 de enero de 2019;15035
03 asturias;País de la UE28 sin España;1 de enero de 2018;15608
03 asturias;País de la UE28 sin España;1 de enero de 2017;15916
03 asturias;País de la UE28 sin España;1 de enero de 2016;16195
03 asturias;País de la UE28 sin España;1 de enero de 2015;16408
03 asturias;De Africa;1 de enero de 2025;7759
03 asturias;De Africa;1 de enero de 2024;6853
03 asturias;De Africa;1 de enero de 2023;6352
03 asturias;De Africa;1 de enero de 2022;5997
03 asturias;De Africa;1 de enero de 2021;6064
03 asturias;De Africa;1 de enero de 2020;58
03 asturias;De Africa;1 de enero de 2019;5402
03 asturias;De Africa;1 de enero de 2018;523
03 asturias;De Africa;1 de enero de 2017;5031
03 asturias;De Africa;1 de enero de 2016;5156
03 asturias;De Africa;1 de enero de 2015;5156
03 asturias;De Centro América y Caribe;1 de enero de 2025;6115
03 asturias;De Centro América y Caribe;1 de enero de 2024;5507
03 asturias;De Centro América y Caribe;1 de enero de 2023;5089
03 asturias;De Centro América y Caribe;1 de enero de 2022;4394
03 asturias;De Centro América y Caribe;1 de enero de 2021;4258
03 asturias;De Centro América y Caribe;1 de enero de 2020;3976
03 asturias;De Centro América y Caribe;1 de enero de 2019;3354
03 asturias;De Centro América y Caribe;1 de enero de 2018;3089
03 asturias;De Centro América y Caribe;1 de enero de 2017;28
03 asturias;De Centro América y Caribe;1 de enero de 2016;2905
03 asturias;De Centro América y Caribe;1 de enero de 2015;296
03 asturias;De Sudamérica;1 de enero de 2025;28943
03 asturias;De Sudamérica;1 de enero de 2024;24254
03 asturias;De Sudamérica;1 de enero de 2023;19986
03 asturias;De Sudamérica;1 de enero de 2022;14856
03 asturias;De Sudamérica;1 de enero de 2021;14134
03 asturias;De Sudamérica;1 de enero de 2020;12982
03 asturias;De Sudamérica;1 de enero de 2019;10662
03 asturias;De Sudamérica;1 de enero de 2018;9703
03 asturias;De Sudamérica;1 de enero de 2017;9281
03 asturias;De Sudamérica;1 de enero de 2016;9539
03 asturias;De Sudamérica;1 de enero de 2015;9914
04 baleares;Española;1 de enero de 2025;978953
04 baleares;Española;1 de enero de 2024;971041
04 baleares;Española;1 de enero de 2023;962237
04 baleares;Española;1 de enero de 2022;956229
04 baleares;Española;1 de enero de 2021;954666
04 baleares;Española;1 de enero de 2020;952128
04 baleares;Española;1 de enero de 2019;945979
04 baleares;Española;1 de enero de 2018;938328
04 baleares;Española;1 de enero de 2017;932257
04 baleares;Española;1 de enero de 2016;920819
04 baleares;Española;1 de enero de 2015;913088
04 baleares;País de la UE28 sin España;1 de enero de 2025;
04 baleares;País de la UE28 sin España;1 de enero de 2024;
04 baleares;País de la UE28 sin España;1 de enero de 2023;
04 baleares;País de la UE28 sin España;1 de enero de 2022;
04 baleares;País de la UE28 sin España;1 de enero de 2021;
04 baleares;País de la UE28 sin España;1 de enero de 2020;108372
04 baleares;País de la UE28 sin España;1 de enero de 2019;107
04 baleares;País de la UE28 sin España;1 de enero de 2018;106259
04 baleares;País de la UE28 sin España;1 de enero de 2017;105874
04 baleares;País de la UE28 sin España;1 de enero de 2016;106379
04 baleares;País de la UE28 sin España;1 de enero de 2015;107666
04 baleares;De Africa;1 de enero de 2025;42377
04 baleares;De Africa;1 de enero de 2024;41177
04 baleares;De Africa;1 de enero de 2023;40696
04 baleares;De Africa;1 de enero de 2022;40216
04 baleares;De Africa;1 de enero de 2021;40338
04 baleares;De Africa;1 de enero de 2020;39099
04 baleares;De Africa;1 de enero de 2019;36621
04 baleares;De Africa;1 de enero de 2018;3442
04 baleares;De Africa;1 de enero de 2017;32841
04 baleares;De Africa;1 de enero de 2016;32488
04 baleares;De Africa;1 de enero de 2015;32473
04 baleares;De Centro América y Caribe;1 de enero de 2025;7863
04 baleares;De Centro América y Caribe;1 de enero de 2024;7883
04 baleares;De Centro América y Caribe;1 de enero de 2023;7321
04 baleares;De Centro América y Caribe;1 de enero de 2022;6682
04 baleares;De Centro América y Caribe;1 de enero de 2021;6851
04 baleares;De Centro América y Caribe;1 de enero de 2020;6663
04 baleares;De Centro América y Caribe;1 de enero de 2019;5751
04 baleares;De Centro América y Caribe;1 de enero de 2018;5097
04 baleares;De Centro América y Caribe;1 de enero de 2017;4643
04 baleares;De Centro América y Caribe;1 de enero de 2016;4702
04 baleares;De Centro América y Caribe;1 de enero de 2015;4652
04 baleares;De Sudamérica;1 de enero de 2025;75691
04 baleares;De Sudamérica;1 de enero de 2024;69157
04 baleares;De Sudamérica;1 de enero de 2023;58867
04 baleares;De Sudamérica;1 de enero de 2022;49071
04 baleares;De Sudamérica;1 de enero de 2021;48798
04 baleares;De Sudamérica;1 de enero de 2020;46649
04 baleares;De Sudamérica;1 de enero de 2019;40426
04 baleares;De Sudamérica;1 de enero de 2018;36282
04 baleares;De Sudamérica;1 de enero de 2017;3344
04 baleares;De Sudamérica;1 de enero de 2016;34254
04 baleares;De Sudamérica;1 de enero de 2015;35328
05 canarias;Española;1 de enero de 2025;1916254
05 canarias;Española;1 de enero de 2024;1909402
05 canarias;Española;1 de enero de 2023;1898493
05 canarias;Española;1 de enero de 2022;1893206
05 canarias;Española;1 de enero de 2021;1889941
05 canarias;Española;1 de enero de 2020;1887695
05 canarias;Española;1 de enero de 2019;1880284
05 canarias;Española;1 de enero de 2018;1871535
05 canarias;Española;1 de enero de 2017;1864647
05 canarias;Española;1 de enero de 2016;1854051
05 canarias;Española;1 de enero de 2015;1847304
05 canarias;País de la UE28 sin España;1 de enero de 2025;
05 canarias;País de la UE28 sin España;1 de enero de 2024;
05 canarias;País de la UE28 sin España;1 de enero de 2023;
05 canarias;País de la UE28 sin España;1 de enero de 2022;
05 canarias;País de la UE28 sin España;1 de enero de 2021;
05 canarias;País de la UE28 sin España;1 de enero de 2020;159247
05 canarias;País de la UE28 sin España;1 de enero de 2019;154836
05 canarias;País de la UE28 sin España;1 de enero de 2018;150745
05 canarias;País de la UE28 sin España;1 de enero de 2017;148189
05 canarias;País de la UE28 sin España;1 de enero de 2016;145807
05 canarias;País de la UE28 sin España;1 de enero de 2015;147159
05 canarias;De Africa;1 de enero de 2025;34425
05 canarias;De Africa;1 de enero de 2024;31506
05 canarias;De Africa;1 de enero de 2023;3085
05 canarias;De Africa;1 de enero de 2022;29678
05 canarias;De Africa;1 de enero de 2021;29345
05 canarias;De Africa;1 de enero de 2020;2915
05 canarias;De Africa;1 de enero de 2019;27957
05 canarias;De Africa;1 de enero de 2018;27489
05 canarias;De Africa;1 de enero de 2017;2699
05 canarias;De Africa;1 de enero de 2016;27375
05 canarias;De Africa;1 de enero de 2015;28216
05 canarias;De Centro América y Caribe;1 de enero de 2025;21509
05 canarias;De Centro América y Caribe;1 de enero de 2024;19668
05 canarias;De Centro América y Caribe;1 de enero de 2023;19288
05 canarias;De Centro América y Caribe;1 de enero de 2022;17837
05 canarias;De Centro América y Caribe;1 de enero de 2021;17885
05 canarias;De Centro América y Caribe;1 de enero de 2020;18071
05 canarias;De Centro América y Caribe;1 de enero de 2019;15767
05 canarias;De Centro América y Caribe;1 de enero de 2018;13783
05 canarias;De Centro América y Caribe;1 de enero de 2017;12077
05 canarias;De Centro América y Caribe;1 de enero de 2016;12342
05 canarias;De Centro América y Caribe;1 de enero de 2015;12644
05 canarias;De Sudamérica;1 de enero de 2025;81388
05 canarias;De Sudamérica;1 de enero de 2024;73239
05 canarias;De Sudamérica;1 de enero de 2023;62983
05 canarias;De Sudamérica;1 de enero de 2022;52926
05 canarias;De Sudamérica;1 de enero de 2021;5314
05 canarias;De Sudamérica;1 de enero de 2020;5054
05 canarias;De Sudamérica;1 de enero de 2019;4341
05 canarias;De Sudamérica;1 de enero de 2018;37729
05 canarias;De Sudamérica;1 de enero de 2017;33824
05 canarias;De Sudamérica;1 de enero de 2016;34374
05 canarias;De Sudamérica;1 de enero de 2015;37069
06 cantabria;Española;1 de enero de 2025;545264
06 cantabria;Española;1 de enero de 2024;546091
06 cantabria;Española;1 de enero de 2023;546676
06 cantabria;Española;1 de enero de 2022;548526
06 cantabria;Española;1 de enero de 2021;548896
06 cantabria;Española;1 de enero de 2020;548505
06 cantabria;Española;1 de enero de 2019;549856
06 cantabria;Española;1 de enero de 2018;551058
06 cantabria;Española;1 de enero de 2017;55212
06 cantabria;Española;1 de enero de 2016;552625
06 cantabria;Española;1 de enero de 2015;554417
06 cantabria;País de la UE28 sin España;1 de enero de 2025;
06 cantabria;País de la UE28 sin España;1 de enero de 2024;
06 cantabria;País de la UE28 sin España;1 de enero de 2023;
06 cantabria;País de la UE28 sin España;1 de enero de 2022;
06 cantabria;País de la UE28 sin España;1 de enero de 2021;
06 cantabria;País de la UE28 sin España;1 de enero de 2020;10344
06 cantabria;País de la UE28 sin España;1 de enero de 2019;10482
06 cantabria;País de la UE28 sin España;1 de enero de 2018;10504
06 cantabria;País de la UE28 sin España;1 de enero de 2017;10548
06 cantabria;País de la UE28 sin España;1 de enero de 2016;10834
06 cantabria;País de la UE28 sin España;1 de enero de 2015;11164
06 cantabria;De Africa;1 de enero de 2025;4614
06 cantabria;De Africa;1 de enero de 2024;4338
06 cantabria;De Africa;1 de enero de 2023;4377
06 cantabria;De Africa;1 de enero de 2022;4257
06 cantabria;De Africa;1 de enero de 2021;4179
06 cantabria;De Africa;1 de enero de 2020;4041
06 cantabria;De Africa;1 de enero de 2019;3658
06 cantabria;De Africa;1 de enero de 2018;3409
06 cantabria;De Africa;1 de enero de 2017;3276
06 cantabria;De Africa;1 de enero de 2016;3403
06 cantabria;De Africa;1 de enero de 2015;3533
06 cantabria;De Centro América y Caribe;1 de enero de 2025;2783
06 cantabria;De Centro América y Caribe;1 de enero de 2024;2603
06 cantabria;De Centro América y Caribe;1 de enero de 2023;2711
06 cantabria;De Centro América y Caribe;1 de enero de 2022;2629
06 cantabria;De Centro América y Caribe;1 de enero de 2021;254
06 cantabria;De Centro América y Caribe;1 de enero de 2020;2508
06 cantabria;De Centro América y Caribe;1 de enero de 2019;2253
06 cantabria;De Centro América y Caribe;1 de enero de 2018;2027
06 cantabria;De Centro América y Caribe;1 de enero de 2017;1834
06 cantabria;De Centro América y Caribe;1 de enero de 2016;1836
06 cantabria;De Centro América y Caribe;1 de enero de 2015;1868
06 cantabria;De Sudamérica;1 de enero de 2025;20878
06 cantabria;De Sudamérica;1 de enero de 2024;17933
06 cantabria;De Sudamérica;1 de enero de 2023;15344
06 cantabria;De Sudamérica;1 de enero de 2022;12041
06 cantabria;De Sudamérica;1 de enero de 2021;11503
06 cantabria;De Sudamérica;1 de enero de 2020;10769
06 cantabria;De Sudamérica;1 de enero de 2019;9194
06 cantabria;De Sudamérica;1 de enero de 2018;8243
06 cantabria;De Sudamérica;1 de enero de 2017;7568
06 cantabria;De Sudamérica;1 de enero de 2016;7723
06 cantabria;De Sudamérica;1 de enero de 2015;8199
07 castillayleon;Española;1 de enero de 2025;2198052
07 castillayleon;Española;1 de enero de 2024;2207547
07 castillayleon;Española;1 de enero de 2023;2215769
07 castillayleon;Española;1 de enero de 2022;2228584
07 castillayleon;Española;1 de enero de 2021;2241095
07 castillayleon;Española;1 de enero de 2020;2259290
07 castillayleon;Española;1 de enero de 2019;2274748
07 castillayleon;Española;1 de enero de 2018;2289912
07 castillayleon;Española;1 de enero de 2017;2307505
07 castillayleon;Española;1 de enero de 2016;2322018
07 castillayleon;Española;1 de enero de 2015;2340249
07 castillayleon;País de la UE28 sin España;1 de enero de 2025;
07 castillayleon;País de la UE28 sin España;1 de enero de 2024;
07 castillayleon;País de la UE28 sin España;1 de enero de 2023;
07 castillayleon;País de la UE28 sin España;1 de enero de 2022;
07 castillayleon;País de la UE28 sin España;1 de enero de 2021;
07 castillayleon;País de la UE28 sin España;1 de enero de 2020;61116
07 castillayleon;País de la UE28 sin España;1 de enero de 2019;61665
07 castillayleon;País de la UE28 sin España;1 de enero de 2018;62749
07 castillayleon;País de la UE28 sin España;1 de enero de 2017;65436
07 castillayleon;País de la UE28 sin España;1 de enero de 2016;67891
07 castillayleon;País de la UE28 sin España;1 de enero de 2015;70374
07 castillayleon;De Africa;1 de enero de 2025;3848
07 castillayleon;De Africa;1 de enero de 2024;34082
07 castillayleon;De Africa;1 de enero de 2023;317
07 castillayleon;De Africa;1 de enero de 2022;30108
07 castillayleon;De Africa;1 de enero de 2021;28746
07 castillayleon;De Africa;1 de enero de 2020;2724
07 castillayleon;De Africa;1 de enero de 2019;25161
07 castillayleon;De Africa;1 de enero de 2018;24248
07 castillayleon;De Africa;1 de enero de 2017;23408
07 castillayleon;De Africa;1 de enero de 2016;24383
07 castillayleon;De Africa;1 de enero de 2015;25008
07 castillayleon;De Centro América y Caribe;1 de enero de 2025;16372
07 castillayleon;De Centro América y Caribe;1 de enero de 2024;15028
07 castillayleon;De Centro América y Caribe;1 de enero de 2023;13534
07 castillayleon;De Centro América y Caribe;1 de enero de 2022;11729
07 castillayleon;De Centro América y Caribe;1 de enero de 2021;11361
07 castillayleon;De Centro América y Caribe;1 de enero de 2020;10684
07 castillayleon;De Centro América y Caribe;1 de enero de 2019;9201
07 castillayleon;De Centro América y Caribe;1 de enero de 2018;8242
07 castillayleon;De Centro América y Caribe;1 de enero de 2017;7425
07 castillayleon;De Centro América y Caribe;1 de enero de 2016;7573
07 castillayleon;De Centro América y Caribe;1 de enero de 2015;7789
07 castillayleon;De Sudamérica;1 de enero de 2025;72231
07 castillayleon;De Sudamérica;1 de enero de 2024;58193
07 castillayleon;De Sudamérica;1 de enero de 2023;4553
07 castillayleon;De Sudamérica;1 de enero de 2022;32977
07 castillayleon;De Sudamérica;1 de enero de 2021;31119
07 castillayleon;De Sudamérica;1 de enero de 2020;28523
07 castillayleon;De Sudamérica;1 de enero de 2019;23536
07 castillayleon;De Sudamérica;1 de enero de 2018;2115
07 castillayleon;De Sudamérica;1 de enero de 2017;19712
07 castillayleon;De Sudamérica;1 de enero de 2016;20823
07 castillayleon;De Sudamérica;1 de enero de 2015;224
08 castillalamancha;Española;1 de enero de 2025;1869792
08 castillalamancha;Española;1 de enero de 2024;1866529
08 castillalamancha;Española;1 de enero de 2023;1863913
08 castillalamancha;Española;1 de enero de 2022;1862879
08 castillalamancha;Española;1 de enero de 2021;1862126
08 castillalamancha;Española;1 de enero de 2020;1863349
08 castillalamancha;Española;1 de enero de 2019;1864682
08 castillalamancha;Española;1 de enero de 2018;1867892
08 castillalamancha;Española;1 de enero de 2017;1874745
08 castillalamancha;Española;1 de enero de 2016;1877973
08 castillalamancha;Española;1 de enero de 2015;1885841
08 castillalamancha;País de la UE28 sin España;1 de enero de 2025;
08 castillalamancha;País de la UE28 sin España;1 de enero de 2024;
08 castillalamancha;País de la UE28 sin España;1 de enero de 2023;
08 castillalamancha;País de la UE28 sin España;1 de enero de 2022;
08 castillalamancha;País de la UE28 sin España;1 de enero de 2021;
08 castillalamancha;País de la UE28 sin España;1 de enero de 2020;79511
08 castillalamancha;País de la UE28 sin España;1 de enero de 2019;79684
08 castillalamancha;País de la UE28 sin España;1 de enero de 2018;81513
08 castillalamancha;País de la UE28 sin España;1 de enero de 2017;85414
08 castillalamancha;País de la UE28 sin España;1 de enero de 2016;88153
08 castillalamancha;País de la UE28 sin España;1 de enero de 2015;90895
08 castillalamancha;De Africa;1 de enero de 2025;66409
08 castillalamancha;De Africa;1 de enero de 2024;59482
08 castillalamancha;De Africa;1 de enero de 2023;54765
08 castillalamancha;De Africa;1 de enero de 2022;49595
08 castillalamancha;De Africa;1 de enero de 2021;46887
08 castillalamancha;De Africa;1 de enero de 2020;44395
08 castillalamancha;De Africa;1 de enero de 2019;40257
08 castillalamancha;De Africa;1 de enero de 2018;37817
08 castillalamancha;De Africa;1 de enero de 2017;36642
08 castillalamancha;De Africa;1 de enero de 2016;37746
08 castillalamancha;De Africa;1 de enero de 2015;38749
08 castillalamancha;De Centro América y Caribe;1 de enero de 2025;13998
08 castillalamancha;De Centro América y Caribe;1 de enero de 2024;12978
08 castillalamancha;De Centro América y Caribe;1 de enero de 2023;11678
08 castillalamancha;De Centro América y Caribe;1 de enero de 2022;9927
08 castillalamancha;De Centro América y Caribe;1 de enero de 2021;9463
08 castillalamancha;De Centro América y Caribe;1 de enero de 2020;8675
08 castillalamancha;De Centro América y Caribe;1 de enero de 2019;6991
08 castillalamancha;De Centro América y Caribe;1 de enero de 2018;5932
08 castillalamancha;De Centro América y Caribe;1 de enero de 2017;5364
08 castillalamancha;De Centro América y Caribe;1 de enero de 2016;5411
08 castillalamancha;De Centro América y Caribe;1 de enero de 2015;5413
08 castillalamancha;De Sudamérica;1 de enero de 2025;79133
08 castillalamancha;De Sudamérica;1 de enero de 2024;67136
08 castillalamancha;De Sudamérica;1 de enero de 2023;5514
08 castillalamancha;De Sudamérica;1 de enero de 2022;41375
08 castillalamancha;De Sudamérica;1 de enero de 2021;38863
08 castillalamancha;De Sudamérica;1 de enero de 2020;3581
08 castillalamancha;De Sudamérica;1 de enero de 2019;29767
08 castillalamancha;De Sudamérica;1 de enero de 2018;26461
08 castillalamancha;De Sudamérica;1 de enero de 2017;25238
08 castillalamancha;De Sudamérica;1 de enero de 2016;26334
08 castillalamancha;De Sudamérica;1 de enero de 2015;28363
09 cataluna;Española;1 de enero de 2025;6601307
09 cataluna;Española;1 de enero de 2024;6568039
09 cataluna;Española;1 de enero de 2023;6539982
09 cataluna;Española;1 de enero de 2022;6526151
09 cataluna;Española;1 de enero de 2021;6519592
09 cataluna;Española;1 de enero de 2020;6531229
09 cataluna;Española;1 de enero de 2019;6530410
09 cataluna;Española;1 de enero de 2018;6535250
09 cataluna;Española;1 de enero de 2017;6532103
09 cataluna;Española;1 de enero de 2016;6511352
09 cataluna;Española;1 de enero de 2015;6495351
09 cataluna;País de la UE28 sin España;1 de enero de 2025;
09 cataluna;País de la UE28 sin España;1 de enero de 2024;
09 cataluna;País de la UE28 sin España;1 de enero de 2023;
09 cataluna;País de la UE28 sin España;1 de enero de 2022;
09 cataluna;País de la UE28 sin España;1 de enero de 2021;
09 cataluna;País de la UE28 sin España;1 de enero de 2020;301194
09 cataluna;País de la UE28 sin España;1 de enero de 2019;288544
09 cataluna;País de la UE28 sin España;1 de enero de 2018;272572
09 cataluna;País de la UE28 sin España;1 de enero de 2017;264499
09 cataluna;País de la UE28 sin España;1 de enero de 2016;258856
09 cataluna;País de la UE28 sin España;1 de enero de 2015;257647
09 cataluna;De Africa;1 de enero de 2025;353807
09 cataluna;De Africa;1 de enero de 2024;334386
09 cataluna;De Africa;1 de enero de 2023;325054
09 cataluna;De Africa;1 de enero de 2022;315456
09 cataluna;De Africa;1 de enero de 2021;320034
09 cataluna;De Africa;1 de enero de 2020;311507
09 cataluna;De Africa;1 de enero de 2019;289919
09 cataluna;De Africa;1 de enero de 2018;273283
09 cataluna;De Africa;1 de enero de 2017;265502
09 cataluna;De Africa;1 de enero de 2016;268601
09 cataluna;De Africa;1 de enero de 2015;271293
09 cataluna;De Centro América y Caribe;1 de enero de 2025;111018
09 cataluna;De Centro América y Caribe;1 de enero de 2024;109429
09 cataluna;De Centro América y Caribe;1 de enero de 2023;10386
09 cataluna;De Centro América y Caribe;1 de enero de 2022;92152
09 cataluna;De Centro América y Caribe;1 de enero de 2021;90366
09 cataluna;De Centro América y Caribe;1 de enero de 2020;85495
09 cataluna;De Centro América y Caribe;1 de enero de 2019;73446
09 cataluna;De Centro América y Caribe;1 de enero de 2018;62387
09 cataluna;De Centro América y Caribe;1 de enero de 2017;53516
09 cataluna;De Centro América y Caribe;1 de enero de 2016;49639
09 cataluna;De Centro América y Caribe;1 de enero de 2015;47569
09 cataluna;De Sudamérica;1 de enero de 2025;363913
09 cataluna;De Sudamérica;1 de enero de 2024;33482
09 cataluna;De Sudamérica;1 de enero de 2023;296097
09 cataluna;De Sudamérica;1 de enero de 2022;241815
09 cataluna;De Sudamérica;1 de enero de 2021;236634
09 cataluna;De Sudamérica;1 de enero de 2020;226664
09 cataluna;De Sudamérica;1 de enero de 2019;197764
09 cataluna;De Sudamérica;1 de enero de 2018;174058
09 cataluna;De Sudamérica;1 de enero de 2017;15905
09 cataluna;De Sudamérica;1 de enero de 2016;156445
09 cataluna;De Sudamérica;1 de enero de 2015;161759
10 valencia;Española;1 de enero de 2025;4369257
10 valencia;Española;1 de enero de 2024;4349683
10 valencia;Española;1 de enero de 2023;4328039
10 valencia;Española;1 de enero de 2022;4319024
10 valencia;Española;1 de enero de 2021;4313310
10 valencia;Española;1 de enero de 2020;4311840
10 valencia;Española;1 de enero de 2019;4307456
10 valencia;Española;1 de enero de 2018;4304506
10 valencia;Española;1 de enero de 2017;4304348
10 valencia;Española;1 de enero de 2016;4293078
10 valencia;Española;1 de enero de 2015;4289473
10 valencia;País de la UE28 sin España;1 de enero de 2025;
10 valencia;País de la UE28 sin España;1 de enero de 2024;
10 valencia;País de la UE28 sin España;1 de enero de 2023;
10 valencia;País de la UE28 sin España;1 de enero de 2022;
10 valencia;País de la UE28 sin España;1 de enero de 2021;
10 valencia;País de la UE28 sin España;1 de enero de 2020;34018
10 valencia;País de la UE28 sin España;1 de enero de 2019;331035
10 valencia;País de la UE28 sin España;1 de enero de 2018;329995
10 valencia;País de la UE28 sin España;1 de enero de 2017;333655
10 valencia;País de la UE28 sin España;1 de enero de 2016;341019
10 valencia;País de la UE28 sin España;1 de enero de 2015;349828
10 valencia;De Africa;1 de enero de 2025;163816
10 valencia;De Africa;1 de enero de 2024;149323
10 valencia;De Africa;1 de enero de 2023;14153
10 valencia;De Africa;1 de enero de 2022;134695
10 valencia;De Africa;1 de enero de 2021;131921
10 valencia;De Africa;1 de enero de 2020;12929
10 valencia;De Africa;1 de enero de 2019;119592
10 valencia;De Africa;1 de enero de 2018;113794
10 valencia;De Africa;1 de enero de 2017;109741
10 valencia;De Africa;1 de enero de 2016;110399
10 valencia;De Africa;1 de enero de 2015;10972
10 valencia;De Centro América y Caribe;1 de enero de 2025;37831
10 valencia;De Centro América y Caribe;1 de enero de 2024;35153
10 valencia;De Centro América y Caribe;1 de enero de 2023;31054
10 valencia;De Centro América y Caribe;1 de enero de 2022;26203
10 valencia;De Centro América y Caribe;1 de enero de 2021;23968
10 valencia;De Centro América y Caribe;1 de enero de 2020;22115
10 valencia;De Centro América y Caribe;1 de enero de 2019;17533
10 valencia;De Centro América y Caribe;1 de enero de 2018;14533
10 valencia;De Centro América y Caribe;1 de enero de 2017;12011
10 valencia;De Centro América y Caribe;1 de enero de 2016;11269
10 valencia;De Centro América y Caribe;1 de enero de 2015;10912
10 valencia;De Sudamérica;1 de enero de 2025;260938
10 valencia;De Sudamérica;1 de enero de 2024;222898
10 valencia;De Sudamérica;1 de enero de 2023;181252
10 valencia;De Sudamérica;1 de enero de 2022;137119
10 valencia;De Sudamérica;1 de enero de 2021;125839
10 valencia;De Sudamérica;1 de enero de 2020;117437
10 valencia;De Sudamérica;1 de enero de 2019;97552
10 valencia;De Sudamérica;1 de enero de 2018;86189
10 valencia;De Sudamérica;1 de enero de 2017;79361
10 valencia;De Sudamérica;1 de enero de 2016;82311
10 valencia;De Sudamérica;1 de enero de 2015;87087
11 extremadura;Española;1 de enero de 2025;1006789
11 extremadura;Española;1 de enero de 2024;1011453
11 extremadura;Española;1 de enero de 2023;1014864
11 extremadura;Española;1 de enero de 2022;1021168
11 extremadura;Española;1 de enero de 2021;1026179
11 extremadura;Española;1 de enero de 2020;1030937
11 extremadura;Española;1 de enero de 2019;1036024
11 extremadura;Española;1 de enero de 2018;1041571
11 extremadura;Española;1 de enero de 2017;1048154
11 extremadura;Española;1 de enero de 2016;1053195
11 extremadura;Española;1 de enero de 2015;1058189
11 extremadura;País de la UE28 sin España;1 de enero de 2025;
11 extremadura;País de la UE28 sin España;1 de enero de 2024;
11 extremadura;País de la UE28 sin España;1 de enero de 2023;
11 extremadura;País de la UE28 sin España;1 de enero de 2022;
11 extremadura;País de la UE28 sin España;1 de enero de 2021;
11 extremadura;País de la UE28 sin España;1 de enero de 2020;13881
11 extremadura;País de la UE28 sin España;1 de enero de 2019;13636
11 extremadura;País de la UE28 sin España;1 de enero de 2018;13745
11 extremadura;País de la UE28 sin España;1 de enero de 2017;14309
11 extremadura;País de la UE28 sin España;1 de enero de 2016;15618
11 extremadura;País de la UE28 sin España;1 de enero de 2015;16284
11 extremadura;De Africa;1 de enero de 2025;9979
11 extremadura;De Africa;1 de enero de 2024;9118
11 extremadura;De Africa;1 de enero de 2023;8555
11 extremadura;De Africa;1 de enero de 2022;8287
11 extremadura;De Africa;1 de enero de 2021;8184
11 extremadura;De Africa;1 de enero de 2020;8095
11 extremadura;De Africa;1 de enero de 2019;7845
11 extremadura;De Africa;1 de enero de 2018;7762
11 extremadura;De Africa;1 de enero de 2017;7619
11 extremadura;De Africa;1 de enero de 2016;8144
11 extremadura;De Africa;1 de enero de 2015;8336
11 extremadura;De Centro América y Caribe;1 de enero de 2025;5226
11 extremadura;De Centro América y Caribe;1 de enero de 2024;4834
11 extremadura;De Centro América y Caribe;1 de enero de 2023;4345
11 extremadura;De Centro América y Caribe;1 de enero de 2022;3521
11 extremadura;De Centro América y Caribe;1 de enero de 2021;3307
11 extremadura;De Centro América y Caribe;1 de enero de 2020;2925
11 extremadura;De Centro América y Caribe;1 de enero de 2019;2202
11 extremadura;De Centro América y Caribe;1 de enero de 2018;1814
11 extremadura;De Centro América y Caribe;1 de enero de 2017;1512
11 extremadura;De Centro América y Caribe;1 de enero de 2016;1466
11 extremadura;De Centro América y Caribe;1 de enero de 2015;1404
11 extremadura;De Sudamérica;1 de enero de 2025;12751
11 extremadura;De Sudamérica;1 de enero de 2024;10686
11 extremadura;De Sudamérica;1 de enero de 2023;8365
11 extremadura;De Sudamérica;1 de enero de 2022;645
11 extremadura;De Sudamérica;1 de enero de 2021;6276
11 extremadura;De Sudamérica;1 de enero de 2020;5766
11 extremadura;De Sudamérica;1 de enero de 2019;5012
11 extremadura;De Sudamérica;1 de enero de 2018;4711
11 extremadura;De Sudamérica;1 de enero de 2017;4572
11 extremadura;De Sudamérica;1 de enero de 2016;4848
11 extremadura;De Sudamérica;1 de enero de 2015;5162
12 galicia;Española;1 de enero de 2025;2540247
12 galicia;Española;1 de enero de 2024;2550552
12 galicia;Española;1 de enero de 2023;2560118
12 galicia;Española;1 de enero de 2022;2573651
12 galicia;Española;1 de enero de 2021;2584151
12 galicia;Española;1 de enero de 2020;2593997
12 galicia;Española;1 de enero de 2019;2603416
12 galicia;Española;1 de enero de 2018;2612970
12 galicia;Española;1 de enero de 2017;2622878
12 galicia;Española;1 de enero de 2016;2632657
12 galicia;Española;1 de enero de 2015;2645554
12 galicia;País de la UE28 sin España;1 de enero de 2025;
12 galicia;País de la UE28 sin España;1 de enero de 2024;
12 galicia;País de la UE28 sin España;1 de enero de 2023;
12 galicia;País de la UE28 sin España;1 de enero de 2022;
12 galicia;País de la UE28 sin España;1 de enero de 2021;
12 galicia;País de la UE28 sin España;1 de enero de 2020;35949
12 galicia;País de la UE28 sin España;1 de enero de 2019;34913
12 galicia;País de la UE28 sin España;1 de enero de 2018;35326
12 galicia;País de la UE28 sin España;1 de enero de 2017;36593
12 galicia;País de la UE28 sin España;1 de enero de 2016;37104
12 galicia;País de la UE28 sin España;1 de enero de 2015;3753
12 galicia;De Africa;1 de enero de 2025;21295
12 galicia;De Africa;1 de enero de 2024;18128
12 galicia;De Africa;1 de enero de 2023;17028
12 galicia;De Africa;1 de enero de 2022;15978
12 galicia;De Africa;1 de enero de 2021;15063
12 galicia;De Africa;1 de enero de 2020;14283
12 galicia;De Africa;1 de enero de 2019;13056
12 galicia;De Africa;1 de enero de 2018;12244
12 galicia;De Africa;1 de enero de 2017;11644
12 galicia;De Africa;1 de enero de 2016;11882
12 galicia;De Africa;1 de enero de 2015;11782
12 galicia;De Centro América y Caribe;1 de enero de 2025;12874
12 galicia;De Centro América y Caribe;1 de enero de 2024;11425
12 galicia;De Centro América y Caribe;1 de enero de 2023;10488
12 galicia;De Centro América y Caribe;1 de enero de 2022;9074
12 galicia;De Centro América y Caribe;1 de enero de 2021;8668
12 galicia;De Centro América y Caribe;1 de enero de 2020;8342
12 galicia;De Centro América y Caribe;1 de enero de 2019;7294
12 galicia;De Centro América y Caribe;1 de enero de 2018;6591
12 galicia;De Centro América y Caribe;1 de enero de 2017;5945
12 galicia;De Centro América y Caribe;1 de enero de 2016;6152
12 galicia;De Centro América y Caribe;1 de enero de 2015;6182
12 galicia;De Sudamérica;1 de enero de 2025;85609
12 galicia;De Sudamérica;1 de enero de 2024;72504
12 galicia;De Sudamérica;1 de enero de 2023;60155
12 galicia;De Sudamérica;1 de enero de 2022;46218
12 galicia;De Sudamérica;1 de enero de 2021;4306
12 galicia;De Sudamérica;1 de enero de 2020;39676
12 galicia;De Sudamérica;1 de enero de 2019;31984
12 galicia;De Sudamérica;1 de enero de 2018;26749
12 galicia;De Sudamérica;1 de enero de 2017;2331
12 galicia;De Sudamérica;1 de enero de 2016;22949
12 galicia;De Sudamérica;1 de enero de 2015;23607
13 madrid;Española;1 de enero de 2025;5932567
13 madrid;Española;1 de enero de 2024;5885537
13 madrid;Española;1 de enero de 2023;5830014
13 madrid;Española;1 de enero de 2022;5804571
13 madrid;Española;1 de enero de 2021;5803527
13 madrid;Española;1 de enero de 2020;5826973
13 madrid;Española;1 de enero de 2019;5800269
13 madrid;Española;1 de enero de 2018;5772806
13 madrid;Española;1 de enero de 2017;5739703
13 madrid;Española;1 de enero de 2016;5695587
13 madrid;Española;1 de enero de 2015;5653359
13 madrid;País de la UE28 sin España;1 de enero de 2025;
13 madrid;País de la UE28 sin España;1 de enero de 2024;
13 madrid;País de la UE28 sin España;1 de enero de 2023;
13 madrid;País de la UE28 sin España;1 de enero de 2022;
13 madrid;País de la UE28 sin España;1 de enero de 2021;
13 madrid;País de la UE28 sin España;1 de enero de 2020;291907
13 madrid;País de la UE28 sin España;1 de enero de 2019;288509
13 madrid;País de la UE28 sin España;1 de enero de 2018;281848
13 madrid;País de la UE28 sin España;1 de enero de 2017;280036
13 madrid;País de la UE28 sin España;1 de enero de 2016;282707
13 madrid;País de la UE28 sin España;1 de enero de 2015;286829
13 madrid;De Africa;1 de enero de 2025;108897
13 madrid;De Africa;1 de enero de 2024;107031
13 madrid;De Africa;1 de enero de 2023;105947
13 madrid;De Africa;1 de enero de 2022;107345
13 madrid;De Africa;1 de enero de 2021;108899
13 madrid;De Africa;1 de enero de 2020;108192
13 madrid;De Africa;1 de enero de 2019;104236
13 madrid;De Africa;1 de enero de 2018;100957
13 madrid;De Africa;1 de enero de 2017;99663
13 madrid;De Africa;1 de enero de 2016;100857
13 madrid;De Africa;1 de enero de 2015;101093
13 madrid;De Centro América y Caribe;1 de enero de 2025;108448
13 madrid;De Centro América y Caribe;1 de enero de 2024;107218
13 madrid;De Centro América y Caribe;1 de enero de 2023;102744
13 madrid;De Centro América y Caribe;1 de enero de 2022;91527
13 madrid;De Centro América y Caribe;1 de enero de 2021;88851
13 madrid;De Centro América y Caribe;1 de enero de 2020;83452
13 madrid;De Centro América y Caribe;1 de enero de 2019;68769
13 madrid;De Centro América y Caribe;1 de enero de 2018;57499
13 madrid;De Centro América y Caribe;1 de enero de 2017;4858
13 madrid;De Centro América y Caribe;1 de enero de 2016;46336
13 madrid;De Centro América y Caribe;1 de enero de 2015;45491
13 madrid;De Sudamérica;1 de enero de 2025;47693
13 madrid;De Sudamérica;1 de enero de 2024;431039
13 madrid;De Sudamérica;1 de enero de 2023;369273
13 madrid;De Sudamérica;1 de enero de 2022;287335
13 madrid;De Sudamérica;1 de enero de 2021;273381
13 madrid;De Sudamérica;1 de enero de 2020;255272
13 madrid;De Sudamérica;1 de enero de 2019;211357
13 madrid;De Sudamérica;1 de enero de 2018;180392
13 madrid;De Sudamérica;1 de enero de 2017;162822
13 madrid;De Sudamérica;1 de enero de 2016;162936
13 madrid;De Sudamérica;1 de enero de 2015;171957
14 murcia;Española;1 de enero de 2025;1334318
14 murcia;Española;1 de enero de 2024;1326998
14 murcia;Española;1 de enero de 2023;1314926
14 murcia;Española;1 de enero de 2022;1306071
14 murcia;Española;1 de enero de 2021;1297227
14 murcia;Española;1 de enero de 2020;1290668
14 murcia;Española;1 de enero de 2019;1284347
14 murcia;Española;1 de enero de 2018;1277766
14 murcia;Española;1 de enero de 2017;1273812
14 murcia;Española;1 de enero de 2016;1265219
14 murcia;Española;1 de enero de 2015;1259537
14 murcia;País de la UE28 sin España;1 de enero de 2025;
14 murcia;País de la UE28 sin España;1 de enero de 2024;
14 murcia;País de la UE28 sin España;1 de enero de 2023;
14 murcia;País de la UE28 sin España;1 de enero de 2022;
14 murcia;País de la UE28 sin España;1 de enero de 2021;
14 murcia;País de la UE28 sin España;1 de enero de 2020;47167
14 murcia;País de la UE28 sin España;1 de enero de 2019;46649
14 murcia;País de la UE28 sin España;1 de enero de 2018;47118
14 murcia;País de la UE28 sin España;1 de enero de 2017;51143
14 murcia;País de la UE28 sin España;1 de enero de 2016;51835
14 murcia;País de la UE28 sin España;1 de enero de 2015;53799
14 murcia;De Africa;1 de enero de 2025;113524
14 murcia;De Africa;1 de enero de 2024;108254
14 murcia;De Africa;1 de enero de 2023;107657
14 murcia;De Africa;1 de enero de 2022;104404
14 murcia;De Africa;1 de enero de 2021;101933
14 murcia;De Africa;1 de enero de 2020;99641
14 murcia;De Africa;1 de enero de 2019;93099
14 murcia;De Africa;1 de enero de 2018;88305
14 murcia;De Africa;1 de enero de 2017;85033
14 murcia;De Africa;1 de enero de 2016;83599
14 murcia;De Africa;1 de enero de 2015;82009
14 murcia;De Centro América y Caribe;1 de enero de 2025;13473
14 murcia;De Centro América y Caribe;1 de enero de 2024;12886
14 murcia;De Centro América y Caribe;1 de enero de 2023;11725
14 murcia;De Centro América y Caribe;1 de enero de 2022;10058
14 murcia;De Centro América y Caribe;1 de enero de 2021;9918
14 murcia;De Centro América y Caribe;1 de enero de 2020;8503
14 murcia;De Centro América y Caribe;1 de enero de 2019;6215
14 murcia;De Centro América y Caribe;1 de enero de 2018;4656
14 murcia;De Centro América y Caribe;1 de enero de 2017;4046
14 murcia;De Centro América y Caribe;1 de enero de 2016;3808
14 murcia;De Centro América y Caribe;1 de enero de 2015;3672
14 murcia;De Sudamérica;1 de enero de 2025;55239
14 murcia;De Sudamérica;1 de enero de 2024;51089
14 murcia;De Sudamérica;1 de enero de 2023;48137
14 murcia;De Sudamérica;1 de enero de 2022;42914
14 murcia;De Sudamérica;1 de enero de 2021;4322
14 murcia;De Sudamérica;1 de enero de 2020;43867
14 murcia;De Sudamérica;1 de enero de 2019;42619
14 murcia;De Sudamérica;1 de enero de 2018;4333
14 murcia;De Sudamérica;1 de enero de 2017;44531
14 murcia;De Sudamérica;1 de enero de 2016;47763
14 murcia;De Sudamérica;1 de enero de 2015;50484
15 navarra;Española;1 de enero de 2025;593805
15 navarra;Española;1 de enero de 2024;592442
15 navarra;Española;1 de enero de 2023;591214
15 navarra;Española;1 de enero de 2022;591098
15 navarra;Española;1 de enero de 2021;590669
15 navarra;Española;1 de enero de 2020;590996
15 navarra;Española;1 de enero de 2019;590291
15 navarra;Española;1 de enero de 2018;589218
15 navarra;Española;1 de enero de 2017;589186
15 navarra;Española;1 de enero de 2016;586232
15 navarra;Española;1 de enero de 2015;584849
15 navarra;País de la UE28 sin España;1 de enero de 2025;
15 navarra;País de la UE28 sin España;1 de enero de 2024;
15 navarra;País de la UE28 sin España;1 de enero de 2023;
15 navarra;País de la UE28 sin España;1 de enero de 2022;
15 navarra;País de la UE28 sin España;1 de enero de 2021;
15 navarra;País de la UE28 sin España;1 de enero de 2020;21146
15 navarra;País de la UE28 sin España;1 de enero de 2019;20722
15 navarra;País de la UE28 sin España;1 de enero de 2018;20138
15 navarra;País de la UE28 sin España;1 de enero de 2017;19806
15 navarra;País de la UE28 sin España;1 de enero de 2016;19757
15 navarra;País de la UE28 sin España;1 de enero de 2015;19851
15 navarra;De Africa;1 de enero de 2025;27089
15 navarra;De Africa;1 de enero de 2024;25146
15 navarra;De Africa;1 de enero de 2023;23846
15 navarra;De Africa;1 de enero de 2022;22739
15 navarra;De Africa;1 de enero de 2021;21875
15 navarra;De Africa;1 de enero de 2020;20778
15 navarra;De Africa;1 de enero de 2019;18818
15 navarra;De Africa;1 de enero de 2018;17118
15 navarra;De Africa;1 de enero de 2017;15628
15 navarra;De Africa;1 de enero de 2016;15397
15 navarra;De Africa;1 de enero de 2015;15012
15 navarra;De Centro América y Caribe;1 de enero de 2025;6464
15 navarra;De Centro América y Caribe;1 de enero de 2024;6374
15 navarra;De Centro América y Caribe;1 de enero de 2023;6063
15 navarra;De Centro América y Caribe;1 de enero de 2022;5401
15 navarra;De Centro América y Caribe;1 de enero de 2021;5198
15 navarra;De Centro América y Caribe;1 de enero de 2020;4818
15 navarra;De Centro América y Caribe;1 de enero de 2019;39
15 navarra;De Centro América y Caribe;1 de enero de 2018;3181
15 navarra;De Centro América y Caribe;1 de enero de 2017;2593
15 navarra;De Centro América y Caribe;1 de enero de 2016;246
15 navarra;De Centro América y Caribe;1 de enero de 2015;233
15 navarra;De Sudamérica;1 de enero de 2025;26537
15 navarra;De Sudamérica;1 de enero de 2024;24105
15 navarra;De Sudamérica;1 de enero de 2023;20848
15 navarra;De Sudamérica;1 de enero de 2022;16725
15 navarra;De Sudamérica;1 de enero de 2021;15737
15 navarra;De Sudamérica;1 de enero de 2020;14856
15 navarra;De Sudamérica;1 de enero de 2019;12201
15 navarra;De Sudamérica;1 de enero de 2018;10334
15 navarra;De Sudamérica;1 de enero de 2017;901
15 navarra;De Sudamérica;1 de enero de 2016;9356
15 navarra;De Sudamérica;1 de enero de 2015;9786
16 vascos;Española;1 de enero de 2025;2013978
16 vascos;Española;1 de enero de 2024;2013099
16 vascos;Española;1 de enero de 2023;2016088
16 vascos;Española;1 de enero de 2022;2024386
16 vascos;Española;1 de enero de 2021;2032391
16 vascos;Española;1 de enero de 2020;2040174
16 vascos;Española;1 de enero de 2019;2045321
16 vascos;Española;1 de enero de 2018;2049280
16 vascos;Española;1 de enero de 2017;2053731
16 vascos;Española;1 de enero de 2016;2052214
16 vascos;Española;1 de enero de 2015;2053882
16 vascos;País de la UE28 sin España;1 de enero de 2025;
16 vascos;País de la UE28 sin España;1 de enero de 2024;
16 vascos;País de la UE28 sin España;1 de enero de 2023;
16 vascos;País de la UE28 sin España;1 de enero de 2022;
16 vascos;País de la UE28 sin España;1 de enero de 2021;
16 vascos;País de la UE28 sin España;1 de enero de 2020;35228
16 vascos;País de la UE28 sin España;1 de enero de 2019;33464
16 vascos;País de la UE28 sin España;1 de enero de 2018;31922
16 vascos;País de la UE28 sin España;1 de enero de 2017;30783
16 vascos;País de la UE28 sin España;1 de enero de 2016;30385
16 vascos;País de la UE28 sin España;1 de enero de 2015;30461
16 vascos;De Africa;1 de enero de 2025;55492
16 vascos;De Africa;1 de enero de 2024;51689
16 vascos;De Africa;1 de enero de 2023;49439
16 vascos;De Africa;1 de enero de 2022;48434
16 vascos;De Africa;1 de enero de 2021;48349
16 vascos;De Africa;1 de enero de 2020;46796
16 vascos;De Africa;1 de enero de 2019;42986
16 vascos;De Africa;1 de enero de 2018;40039
16 vascos;De Africa;1 de enero de 2017;37068
16 vascos;De Africa;1 de enero de 2016;35701
16 vascos;De Africa;1 de enero de 2015;3331
16 vascos;De Centro América y Caribe;1 de enero de 2025;29471
16 vascos;De Centro América y Caribe;1 de enero de 2024;29529
16 vascos;De Centro América y Caribe;1 de enero de 2023;28087
16 vascos;De Centro América y Caribe;1 de enero de 2022;25181
16 vascos;De Centro América y Caribe;1 de enero de 2021;25668
16 vascos;De Centro América y Caribe;1 de enero de 2020;24001
16 vascos;De Centro América y Caribe;1 de enero de 2019;19192
16 vascos;De Centro América y Caribe;1 de enero de 2018;15448
16 vascos;De Centro América y Caribe;1 de enero de 2017;12627
16 vascos;De Centro América y Caribe;1 de enero de 2016;11472
16 vascos;De Centro América y Caribe;1 de enero de 2015;10535
16 vascos;De Sudamérica;1 de enero de 2025;75159
16 vascos;De Sudamérica;1 de enero de 2024;67091
16 vascos;De Sudamérica;1 de enero de 2023;57601
16 vascos;De Sudamérica;1 de enero de 2022;46782
16 vascos;De Sudamérica;1 de enero de 2021;45222
16 vascos;De Sudamérica;1 de enero de 2020;42092
16 vascos;De Sudamérica;1 de enero de 2019;34716
16 vascos;De Sudamérica;1 de enero de 2018;30589
16 vascos;De Sudamérica;1 de enero de 2017;27077
16 vascos;De Sudamérica;1 de enero de 2016;26918
16 vascos;De Sudamérica;1 de enero de 2015;27681
17 rioja;Española;1 de enero de 2025;278367
17 rioja;Española;1 de enero de 2024;27745
17 rioja;Española;1 de enero de 2023;277946
17 rioja;Española;1 de enero de 2022;278276
17 rioja;Española;1 de enero de 2021;279065
17 rioja;Española;1 de enero de 2020;279712
17 rioja;Española;1 de enero de 2019;279828
17 rioja;Española;1 de enero de 2018;280173
17 rioja;Española;1 de enero de 2017;28046
17 rioja;Española;1 de enero de 2016;280232
17 rioja;Española;1 de enero de 2015;28007
17 rioja;País de la UE28 sin España;1 de enero de 2025;
17 rioja;País de la UE28 sin España;1 de enero de 2024;
17 rioja;País de la UE28 sin España;1 de enero de 2023;
17 rioja;País de la UE28 sin España;1 de enero de 2022;
17 rioja;País de la UE28 sin España;1 de enero de 2021;
17 rioja;País de la UE28 sin España;1 de enero de 2020;15134
17 rioja;País de la UE28 sin España;1 de enero de 2019;14695
17 rioja;País de la UE28 sin España;1 de enero de 2018;14636
17 rioja;País de la UE28 sin España;1 de enero de 2017;14372
17 rioja;País de la UE28 sin España;1 de enero de 2016;14265
17 rioja;País de la UE28 sin España;1 de enero de 2015;14267
17 rioja;De Africa;1 de enero de 2025;12569
17 rioja;De Africa;1 de enero de 2024;12038
17 rioja;De Africa;1 de enero de 2023;11513
17 rioja;De Africa;1 de enero de 2022;11069
17 rioja;De Africa;1 de enero de 2021;10505
17 rioja;De Africa;1 de enero de 2020;10069
17 rioja;De Africa;1 de enero de 2019;9207
17 rioja;De Africa;1 de enero de 2018;8718
17 rioja;De Africa;1 de enero de 2017;851
17 rioja;De Africa;1 de enero de 2016;8655
17 rioja;De Africa;1 de enero de 2015;8844
17 rioja;De Centro América y Caribe;1 de enero de 2025;1948
17 rioja;De Centro América y Caribe;1 de enero de 2024;1772
17 rioja;De Centro América y Caribe;1 de enero de 2023;15
17 rioja;De Centro América y Caribe;1 de enero de 2022;1325
17 rioja;De Centro América y Caribe;1 de enero de 2021;1298
17 rioja;De Centro América y Caribe;1 de enero de 2020;1201
17 rioja;De Centro América y Caribe;1 de enero de 2019;956
17 rioja;De Centro América y Caribe;1 de enero de 2018;830
17 rioja;De Centro América y Caribe;1 de enero de 2017;762
17 rioja;De Centro América y Caribe;1 de enero de 2016;730
17 rioja;De Centro América y Caribe;1 de enero de 2015;730
17 rioja;De Sudamérica;1 de enero de 2025;1238
17 rioja;De Sudamérica;1 de enero de 2024;1111
17 rioja;De Sudamérica;1 de enero de 2023;9318
17 rioja;De Sudamérica;1 de enero de 2022;7536
17 rioja;De Sudamérica;1 de enero de 2021;7222
17 rioja;De Sudamérica;1 de enero de 2020;665
17 rioja;De Sudamérica;1 de enero de 2019;5742
17 rioja;De Sudamérica;1 de enero de 2018;5206
17 rioja;De Sudamérica;1 de enero de 2017;496
17 rioja;De Sudamérica;1 de enero de 2016;5158
17 rioja;De Sudamérica;1 de enero de 2015;5484
18 ceuta;Española;1 de enero de 2025;7826
18 ceuta;Española;1 de enero de 2024;78188
18 ceuta;Española;1 de enero de 2023;7814
18 ceuta;Española;1 de enero de 2022;78121
18 ceuta;Española;1 de enero de 2021;78583
18 ceuta;Española;1 de enero de 2020;78912
18 ceuta;Española;1 de enero de 2019;79518
18 ceuta;Española;1 de enero de 2018;79618
18 ceuta;Española;1 de enero de 2017;79597
18 ceuta;Española;1 de enero de 2016;79403
18 ceuta;Española;1 de enero de 2015;7966
18 ceuta;País de la UE28 sin España;1 de enero de 2025;
18 ceuta;País de la UE28 sin España;1 de enero de 2024;
18 ceuta;País de la UE28 sin España;1 de enero de 2023;
18 ceuta;País de la UE28 sin España;1 de enero de 2022;
18 ceuta;País de la UE28 sin España;1 de enero de 2021;
18 ceuta;País de la UE28 sin España;1 de enero de 2020;268
18 ceuta;País de la UE28 sin España;1 de enero de 2019;269
18 ceuta;País de la UE28 sin España;1 de enero de 2018;298
18 ceuta;País de la UE28 sin España;1 de enero de 2017;278
18 ceuta;País de la UE28 sin España;1 de enero de 2016;292
18 ceuta;País de la UE28 sin España;1 de enero de 2015;322
18 ceuta;De Africa;1 de enero de 2025;4692
18 ceuta;De Africa;1 de enero de 2024;4424
18 ceuta;De Africa;1 de enero de 2023;4344
18 ceuta;De Africa;1 de enero de 2022;4383
18 ceuta;De Africa;1 de enero de 2021;4914
18 ceuta;De Africa;1 de enero de 2020;5021
18 ceuta;De Africa;1 de enero de 2019;5002
18 ceuta;De Africa;1 de enero de 2018;5106
18 ceuta;De Africa;1 de enero de 2017;4831
18 ceuta;De Africa;1 de enero de 2016;4556
18 ceuta;De Africa;1 de enero de 2015;4252
18 ceuta;De Centro América y Caribe;1 de enero de 2025;31
18 ceuta;De Centro América y Caribe;1 de enero de 2024;28
18 ceuta;De Centro América y Caribe;1 de enero de 2023;28
18 ceuta;De Centro América y Caribe;1 de enero de 2022;19
18 ceuta;De Centro América y Caribe;1 de enero de 2021;16
18 ceuta;De Centro América y Caribe;1 de enero de 2020;16
18 ceuta;De Centro América y Caribe;1 de enero de 2019;20
18 ceuta;De Centro América y Caribe;1 de enero de 2018;20
18 ceuta;De Centro América y Caribe;1 de enero de 2017;22
18 ceuta;De Centro América y Caribe;1 de enero de 2016;24
18 ceuta;De Centro América y Caribe;1 de enero de 2015;24
18 ceuta;De Sudamérica;1 de enero de 2025;117
18 ceuta;De Sudamérica;1 de enero de 2024;108
18 ceuta;De Sudamérica;1 de enero de 2023;98
18 ceuta;De Sudamérica;1 de enero de 2022;87
18 ceuta;De Sudamérica;1 de enero de 2021;89
18 ceuta;De Sudamérica;1 de enero de 2020;96
18 ceuta;De Sudamérica;1 de enero de 2019;95
18 ceuta;De Sudamérica;1 de enero de 2018;92
18 ceuta;De Sudamérica;1 de enero de 2017;94
18 ceuta;De Sudamérica;1 de enero de 2016;99
18 ceuta;De Sudamérica;1 de enero de 2015;108
19 melilla;Española;1 de enero de 2025;74986
19 melilla;Española;1 de enero de 2024;74866
19 melilla;Española;1 de enero de 2023;74166
19 melilla;Española;1 de enero de 2022;73647
19 melilla;Española;1 de enero de 2021;73919
19 melilla;Española;1 de enero de 2020;73913
19 melilla;Española;1 de enero de 2019;73692
19 melilla;Española;1 de enero de 2018;7343
19 melilla;Española;1 de enero de 2017;73582
19 melilla;Española;1 de enero de 2016;73383
19 melilla;Española;1 de enero de 2015;73505
19 melilla;País de la UE28 sin España;1 de enero de 2025;
19 melilla;País de la UE28 sin España;1 de enero de 2024;
19 melilla;País de la UE28 sin España;1 de enero de 2023;
19 melilla;País de la UE28 sin España;1 de enero de 2022;
19 melilla;País de la UE28 sin España;1 de enero de 2021;
19 melilla;País de la UE28 sin España;1 de enero de 2020;816
19 melilla;País de la UE28 sin España;1 de enero de 2019;813
19 melilla;País de la UE28 sin España;1 de enero de 2018;847
19 melilla;País de la UE28 sin España;1 de enero de 2017;869
19 melilla;País de la UE28 sin España;1 de enero de 2016;940
19 melilla;País de la UE28 sin España;1 de enero de 2015;1012
19 melilla;De Africa;1 de enero de 2025;9938
19 melilla;De Africa;1 de enero de 2024;9787
19 melilla;De Africa;1 de enero de 2023;10179
19 melilla;De Africa;1 de enero de 2022;10207
19 melilla;De Africa;1 de enero de 2021;11342
19 melilla;De Africa;1 de enero de 2020;11436
19 melilla;De Africa;1 de enero de 2019;11468
19 melilla;De Africa;1 de enero de 2018;11384
19 melilla;De Africa;1 de enero de 2017;11043
19 melilla;De Africa;1 de enero de 2016;10675
19 melilla;De Africa;1 de enero de 2015;10032
19 melilla;De Centro América y Caribe;1 de enero de 2025;65
19 melilla;De Centro América y Caribe;1 de enero de 2024;54
19 melilla;De Centro América y Caribe;1 de enero de 2023;53
19 melilla;De Centro América y Caribe;1 de enero de 2022;40
19 melilla;De Centro América y Caribe;1 de enero de 2021;41
19 melilla;De Centro América y Caribe;1 de enero de 2020;34
19 melilla;De Centro América y Caribe;1 de enero de 2019;29
19 melilla;De Centro América y Caribe;1 de enero de 2018;29
19 melilla;De Centro América y Caribe;1 de enero de 2017;24
19 melilla;De Centro América y Caribe;1 de enero de 2016;28
19 melilla;De Centro América y Caribe;1 de enero de 2015;25
19 melilla;De Sudamérica;1 de enero de 2025;1133
19 melilla;De Sudamérica;1 de enero de 2024;320
19 melilla;De Sudamérica;1 de enero de 2023;147
19 melilla;De Sudamérica;1 de enero de 2022;132
19 melilla;De Sudamérica;1 de enero de 2021;129
19 melilla;De Sudamérica;1 de enero de 2020;113
19 melilla;De Sudamérica;1 de enero de 2019;109
19 melilla;De Sudamérica;1 de enero de 2018;122
19 melilla;De Sudamérica;1 de enero de 2017;132
19 melilla;De Sudamérica;1 de enero de 2016;153
19 melilla;De Sudamérica;1 de enero de 2015;179
